-1.3,1.7213
-1.3009,1.721
-1.3024,1.7211
-1.3035,1.7216
-1.3037,1.7219
-1.3039,1.7221
-1.3048,1.7236
-1.3053,1.7247
-1.3055,1.7251
-1.3054,1.7258
-1.3047,1.7264
-1.3034,1.7263
-1.3027,1.7261
-1.3021,1.7256
-1.3018,1.7248
-1.3018,1.724
-1.3015,1.7233
-1.3008,1.7226
-1.2999,1.7216
-1.2987,1.7198
-1.296,1.7172
-1.2921,1.7138
-1.2869,1.7101
-1.279,1.7066
-1.2693,1.7025
-1.2595,1.6958
-1.2551,1.6847
-1.2525,1.6635
-1.2544,1.6255
-1.2592,1.5717
-1.2679,1.5041
-1.277,1.4247
-1.2855,1.3394
-1.2945,1.2612
-1.2966,1.1899
-1.2935,1.1232
-1.2843,1.0517
-1.2699,0.9734
-1.2544,0.89614
-1.2418,0.82211
-1.2327,0.75291
-1.2258,0.68789
-1.219,0.6189
-1.2131,0.5465
-1.2131,0.46272
-1.2171,0.37109
-1.2226,0.27682
-1.2282,0.19607
-1.2325,0.1204
-1.2332,0.045852
-1.2312,-0.027353
-1.223,-0.10791
-1.2101,-0.18854
-1.1977,-0.26147
-1.1937,-0.33167
-1.1974,-0.39865
-1.206,-0.47069
-1.214,-0.55097
-1.2221,-0.63949
-1.2317,-0.73434
-1.2433,-0.8289
-1.2538,-0.91081
-1.2589,-0.98658
-1.2591,-1.0578
-1.2539,-1.1314
-1.2448,-1.2126
-1.2317,-1.2952
-1.2198,-1.3669
-1.2098,-1.4359
-1.2013,-1.5007
-1.1943,-1.5675
-1.1896,-1.6399
-1.1888,-1.7167
-1.1879,-1.7973
-1.1866,-1.8807
-1.1826,-1.9567
-1.1713,-2.0277
-1.1538,-2.093
-1.1294,-2.1577
-1.0925,-2.2223
-1.0402,-2.2855
-0.9791,-2.3414
-0.91451,-2.3853
-0.84661,-2.4208
-0.77531,-2.4469
-0.70467,-2.4714
-0.63501,-2.4998
-0.56587,-2.5324
-0.4956,-2.5694
-0.42441,-2.6054
-0.35929,-2.6324
-0.29425,-2.6509
-0.2293,-2.6608
-0.15625,-2.6641
-0.074191,-2.6594
0.0081,-2.6465
0.085692,-2.6288
0.15939,-2.6096
0.22849,-2.5921
0.29808,-2.5777
0.37402,-2.5652
0.45683,-2.5531
0.54521,-2.5424
0.63341,-2.5271
0.71241,-2.5117
0.78439,-2.4902
0.85123,-2.4651
0.91741,-2.4329
0.98589,-2.3899
1.0534,-2.3381
1.113,-2.2839
1.1647,-2.2286
1.21,-2.1726
1.2528,-2.1126
1.2986,-2.0489
1.3482,-1.9815
1.4016,-1.908
1.4515,-1.8296
1.4929,-1.7533
1.5234,-1.6789
1.5479,-1.6079
1.5674,-1.5333
1.5827,-1.453
1.5903,-1.3705
1.5943,-1.2924
1.5975,-1.2201
1.5968,-1.1517
1.5913,-1.0806
1.588,-1.0035
1.5887,-0.91984
1.5918,-0.82988
1.5921,-0.73609
1.5903,-0.65078
1.5866,-0.57188
1.582,-0.49787
1.5738,-0.42427
1.5623,-0.34447
1.5515,-0.26307
1.5426,-0.18554
1.5331,-0.11067
1.5239,-0.040896
1.5196,0.03271
1.5196,0.11421
1.521,0.20134
1.5249,0.29626
1.5258,0.38899
1.524,0.46832
1.5189,0.54401
1.5141,0.6171
1.5053,0.69487
1.494,0.77767
1.4815,0.859
1.4723,0.93185
1.4656,0.99997
1.461,1.0639
1.4582,1.1318
1.4567,1.2077
1.4605,1.2919
1.4643,1.3818
1.4676,1.4685
1.4703,1.5467
1.4688,1.6226
1.4629,1.7
1.4498,1.7812
1.4295,1.8616
1.4076,1.938
1.3882,2.0063
1.3695,2.0672
1.3507,2.1277
1.3306,2.1899
1.3095,2.2581
1.2852,2.3334
1.2569,2.4122
1.2259,2.483
1.1888,2.5503
1.1452,2.6044
1.0929,2.6524
1.0297,2.6927
0.95661,2.7243
0.8772,2.7474
0.79599,2.7608
0.71372,2.7668
0.62984,2.766
0.54466,2.7605
0.46167,2.7548
0.37952,2.7536
0.29606,2.7568
0.21301,2.7608
0.13906,2.7654
0.071413,2.768
0.0085171,2.7661
-0.057063,2.7558
-0.12821,2.7334
-0.20042,2.6976
-0.27048,2.6567
-0.33179,2.6192
-0.38529,2.5835
-0.4406,2.5469
-0.49933,2.5079
-0.56242,2.4681
-0.63276,2.4266
-0.70878,2.3808
-0.78241,2.333
-0.84793,2.2887
-0.90516,2.2409
-0.95849,2.19
-1.0089,2.1326
-1.0582,2.0647
-1.1044,1.9938
-1.1434,1.9257
-1.175,1.8591
-1.2028,1.793
-1.2291,1.7241
-1.2586,1.651
-1.29,1.5755
-1.3233,1.4965
-1.3568,1.4145
-1.3856,1.3392
-1.4071,1.2656
-1.4198,1.1952
-1.4256,1.1203
-1.4242,1.0409
-1.4177,0.95978
-1.4059,0.87955
-1.3951,0.80952
-1.3875,0.74378
-1.3815,0.67959
-1.3777,0.60977
-1.3787,0.53604
-1.3797,0.45315
-1.3839,0.35972
-1.3897,0.27257
-1.3937,0.19106
-1.3933,0.11405
-1.3887,0.03639
-1.3791,-0.046956
-1.3644,-0.13157
-1.351,-0.21006
-1.341,-0.28385
-1.3348,-0.3515
-1.3309,-0.42028
-1.3276,-0.49503
-1.3267,-0.57689
-1.3276,-0.6689
-1.3269,-0.76517
-1.3256,-0.8544
-1.3205,-0.93469
-1.3098,-1.0119
-1.2944,-1.0921
-1.2755,-1.1748
-1.2626,-1.2452
-1.2539,-1.3096
-1.2452,-1.3685
-1.2349,-1.4294
-1.2231,-1.494
-1.2143,-1.5652
-1.2095,-1.6469
-1.2043,-1.7361
-1.1957,-1.8318
-1.1829,-1.9155
-1.1631,-1.9906
-1.1402,-2.0569
-1.1118,-2.1203
-1.0708,-2.1867
-1.0239,-2.2486
-0.97433,-2.3042
-0.92387,-2.3566
-0.87338,-2.4035
-0.81902,-2.4511
-0.75875,-2.5017
-0.69404,-2.5555
-0.62602,-2.6128
-0.55882,-2.6667
-0.49334,-2.7089
-0.4274,-2.7414
-0.36164,-2.7688
-0.28895,-2.7908
-0.20598,-2.8073
-0.12114,-2.8172
-0.040891,-2.8206
0.038924,-2.8188
0.1125,-2.8134
0.18821,-2.8093
0.26853,-2.8078
0.35272,-2.8103
0.44034,-2.8147
0.52963,-2.818
0.61067,-2.818
0.6679,-2.8192
0.73854,-2.8096
0.8072,-2.7953
0.88228,-2.7699
0.95297,-2.7371
1.0191,-2.6988
1.0831,-2.6591
1.1408,-2.6173
1.1981,-2.5747
1.2568,-2.5286
1.3181,-2.4805
1.3833,-2.4295
1.4501,-2.3721
1.5066,-2.3168
1.5562,-2.2565
1.5947,-2.1907
1.6279,-2.1158
1.6468,-2.031
1.657,-1.9407
1.6555,-1.8477
1.6444,-1.7537
1.6303,-1.6703
1.6182,-1.591
1.6111,-1.5143
1.6111,-1.4355
1.6151,-1.3517
1.6179,-1.2607
1.6204,-1.1746
1.62,-1.0881
1.6183,-1.0056
1.6152,-0.92335
1.6064,-0.83443
1.5918,-0.7445
1.5768,-0.65981
1.5624,-0.57726
1.5534,-0.50015
1.5472,-0.42451
1.5446,-0.34556
1.5436,-0.26079
1.5461,-0.16953
1.5468,-0.073455
1.5465,0.01493
1.5443,0.095851
1.5396,0.17581
1.5314,0.25701
1.5161,0.34267
1.5016,0.42492
1.4917,0.50192
1.4848,0.5745
1.4792,0.64365
1.4778,0.71467
1.4793,0.79088
1.4838,0.8769
1.4899,0.97251
1.4956,1.064
1.5012,1.145
1.5044,1.2177
1.5065,1.288
1.5054,1.3634
1.501,1.4443
1.4935,1.5265
1.4867,1.5985
1.4801,1.665
1.4727,1.7278
1.462,1.7937
1.4487,1.8637
1.4378,1.9423
1.4264,2.0271
1.4144,2.1152
1.3999,2.1967
1.3795,2.2701
1.3541,2.3366
1.3198,2.4003
1.2759,2.4621
1.2222,2.5199
1.1635,2.573
1.1,2.6143
1.0366,2.6453
0.96915,2.6723
0.90092,2.698
0.83227,2.7253
0.76117,2.7545
0.68836,2.7851
0.61332,2.8168
0.54042,2.8435
0.47037,2.8585
0.40095,2.8667
0.32727,2.8658
0.246,2.854
0.16082,2.8276
0.077798,2.7933
0.0024764,2.754
-0.064193,2.7138
-0.1273,2.6754
-0.19214,2.6394
-0.25905,2.6058
-0.33454,2.5735
-0.4164,2.5413
-0.49997,2.5088
-0.57542,2.4767
-0.64232,2.4423
-0.70358,2.4026
-0.76714,2.3539
-0.82832,2.2946
-0.88336,2.2299
-0.93351,2.1655
-0.97931,2.1024
-1.0189,2.0408
-1.0612,1.9783
-1.1081,1.9134
-1.1622,1.844
-1.2195,1.7723
-1.2731,1.7028
-1.3205,1.6372
-1.358,1.5742
-1.3904,1.508
-1.417,1.4332
-1.4396,1.3504
-1.4553,1.264
-1.468,1.1862
-1.4786,1.113
-1.4872,1.0422
-1.4965,0.96669
-1.5049,0.88483
-1.5163,0.79442
-1.5276,0.69859
-1.5369,0.60196
-1.5396,0.51792
-1.537,0.43856
-1.5331,0.36207
-1.5251,0.28324
-1.5137,0.20096
-1.4986,0.12353
-1.4835,0.05068
-1.4678,-0.015481
-1.4531,-0.0777
-1.4436,-0.14193
-1.4362,-0.21302
-1.434,-0.29188
-1.436,-0.37994
-1.4387,-0.47192
-1.4434,-0.55506
-1.4456,-0.63064
-1.4465,-0.70181
-1.4457,-0.7725
-1.4388,-0.85051
-1.4264,-0.9345
-1.4143,-1.0148
-1.4048,-1.0839
-1.3986,-1.1462
-1.3944,-1.2084
-1.3901,-1.2745
-1.3835,-1.3522
-1.3789,-1.4352
-1.3767,-1.524
-1.3734,-1.614
-1.3682,-1.6966
-1.3604,-1.7557
-1.3491,-1.8198
-1.3272,-1.9093
-1.3013,-1.9832
-1.2666,-2.0586
-1.225,-2.1289
-1.1758,-2.1908
-1.1247,-2.2447
-1.0684,-2.2953
-1.0091,-2.3438
-0.94646,-2.3925
-0.88107,-2.4455
-0.81432,-2.5018
-0.74446,-2.5599
-0.67902,-2.6118
-0.61348,-2.6514
-0.54785,-2.6828
-0.47497,-2.7064
-0.38926,-2.7241
-0.29753,-2.734
-0.21102,-2.7396
-0.1306,-2.7372
-0.057451,-2.7323
0.015239,-2.7267
0.093096,-2.7206
0.17412,-2.7173
0.25927,-2.7176
0.34966,-2.7196
0.4354,-2.722
0.5128,-2.7226
0.58325,-2.7184
0.65104,-2.7116
0.72282,-2.6988
0.79887,-2.6794
0.85937,-2.6606
0.92878,-2.6359
0.99487,-2.609
1.0546,-2.5767
1.1181,-2.5388
1.1843,-2.4954
1.2608,-2.444
1.3372,-2.3933
1.4103,-2.3427
1.4798,-2.2926
1.539,-2.2415
1.5853,-2.1898
1.6245,-2.1293
1.6539,-2.0553
1.6736,-1.9698
1.6867,-1.8844
1.6893,-1.8006
1.6828,-1.7164
1.6716,-1.6336
1.6637,-1.5482
1.6613,-1.4612
1.6645,-1.3723
1.672,-1.281
1.685,-1.1923
1.6957,-1.1123
1.7043,-1.0406
1.7093,-0.97204
1.708,-0.89959
1.6977,-0.81854
1.6814,-0.73533
1.6687,-0.65858
1.6546,-0.58616
1.6405,-0.52157
1.6269,-0.4551
1.6135,-0.38375
1.6059,-0.30465
1.6032,-0.21749
1.6014,-0.12207
1.6005,-0.032303
1.5973,0.049945
1.5937,0.12669
1.5888,0.20596
1.58,0.29109
1.5652,0.37728
1.5543,0.45878
1.5456,0.53611
1.5381,0.60489
1.5322,0.67689
1.5272,0.75403
1.5261,0.83831
1.5311,0.93349
1.5354,1.0349
1.5382,1.1255
1.5371,1.2056
1.5352,1.2783
1.5304,1.3518
1.52,1.4319
1.5039,1.5161
1.4861,1.5961
1.4717,1.6678
1.4587,1.7329
1.4477,1.8006
1.4363,1.8716
1.4254,1.9482
1.4154,2.0299
1.4053,2.1176
1.3951,2.2056
1.3835,2.2829
1.3658,2.3505
1.3438,2.4131
1.3103,2.4757
1.2618,2.5368
1.2001,2.5957
1.1338,2.6455
1.0664,2.6849
1.0,2.7142
0.9316,2.7385
0.86221,2.7598
0.79244,2.7797
0.72259,2.8011
0.65189,2.8222
0.58013,2.8432
0.51165,2.859
0.44554,2.8652
0.3795,2.8648
0.31027,2.8548
0.23542,2.8304
0.15596,2.7903
0.079212,2.7405
0.010431,2.6873
-0.050614,2.6366
-0.10775,2.5866
-0.16809,2.5348
-0.23068,2.4844
-0.29967,2.4346
-0.3748,2.3826
-0.45496,2.3271
-0.52852,2.2752
-0.58964,2.2237
-0.64149,2.173
-0.69022,2.1155
-0.73765,2.0497
-0.77736,1.9842
-0.81155,1.9236
-0.84844,1.8631
-0.882,1.8031
-0.91874,1.7388
-0.95798,1.671
-1.0053,1.6031
-1.0579,1.5325
-1.111,1.4579
-1.1581,1.3927
-1.1963,1.3349
-1.2271,1.2827
-1.2544,1.2287
-1.278,1.1687
-1.2987,1.0983
-1.315,1.0225
-1.3313,0.95099
-1.3453,0.87938
-1.3533,0.80601
-1.3601,0.7273
-1.368,0.64408
-1.3807,0.55645
-1.3951,0.46525
-1.4042,0.37167
-1.4119,0.28685
-1.4124,0.20993
-1.4083,0.13977
-1.398,0.066797
-1.3828,-0.011342
-1.3626,-0.085796
-1.3447,-0.15528
-1.3282,-0.22061
-1.3126,-0.28371
-1.2967,-0.35172
-1.283,-0.42669
-1.2732,-0.51096
-1.2672,-0.60569
-1.2624,-0.70683
-1.2622,-0.7936
-1.2615,-0.87309
-1.2587,-0.9447
-1.2536,-1.0143
-1.2446,-1.0908
-1.2309,-1.169
-1.2181,-1.2431
-1.2073,-1.3104
-1.1999,-1.3711
-1.1936,-1.4309
-1.1845,-1.4961
-1.1698,-1.5693
-1.1554,-1.6482
-1.1431,-1.7312
-1.1291,-1.8186
-1.1165,-1.891
-1.1016,-1.9563
-1.0845,-2.0122
-1.0596,-2.0726
-1.0262,-2.1343
-0.97928,-2.1961
-0.92415,-2.2539
-0.86714,-2.3033
-0.81022,-2.345
-0.75206,-2.3809
-0.69135,-2.4187
-0.62865,-2.4573
-0.56794,-2.5013
-0.5076,-2.5515
-0.44382,-2.6048
-0.38066,-2.6513
-0.31711,-2.6865
-0.25249,-2.7129
-0.18214,-2.7327
-0.10353,-2.7446
-0.019097,-2.7472
0.063662,-2.7405
0.14354,-2.7258
0.21748,-2.7033
0.29081,-2.6827
0.36532,-2.6649
0.4446,-2.6516
0.5271,-2.6423
0.61291,-2.6354
0.69905,-2.6293
0.77745,-2.6234
0.84643,-2.6143
0.91583,-2.6002
0.97469,-2.5539
1.062,-2.5388
1.13,-2.4931
1.191,-2.4458
1.2438,-2.3971
1.292,-2.3466
1.3392,-2.2915
1.39,-2.2309
1.4416,-2.1695
1.496,-2.1066
1.5525,-2.0416
1.6031,-1.9783
1.6474,-1.9192
1.6801,-1.859
1.7027,-1.7989
1.7136,-1.7349
1.7138,-1.6633
1.7015,-1.5875
1.682,-1.5148
1.6643,-1.4493
1.6465,-1.3878
1.6284,-1.3248
1.614,-1.2595
1.6023,-1.1897
1.5951,-1.1134
1.5896,-1.0297
1.5827,-0.94304
1.5756,-0.866
1.5628,-0.79413
1.5467,-0.72548
1.5249,-0.6529
1.4966,-0.57846
1.4665,-0.50529
1.4413,-0.43455
1.4202,-0.36844
1.4024,-0.30781
1.3868,-0.24703
1.3741,-0.18094
1.3657,-0.10666
1.3631,-0.021381
1.3633,0.071654
1.3656,0.1559
1.3637,0.23045
1.36,0.29814
1.3522,0.36583
1.3373,0.44043
1.3185,0.51853
1.3002,0.59696
1.2862,0.66842
1.2744,0.73488
1.2627,0.79774
1.2537,0.86767
1.2481,0.94459
1.2445,1.0294
1.2431,1.1198
1.2401,1.2113
1.2374,1.2914
1.2312,1.3613
1.223,1.4299
1.213,1.4999
1.1978,1.577
1.1748,1.6538
1.1499,1.728
1.1245,1.7906
1.1008,1.8479
1.0762,1.9064
1.0508,1.9716
1.0251,2.0428
0.99751,2.1211
0.96809,2.2021
0.9368,2.2857
0.90457,2.3556
0.86899,2.4153
0.82848,2.4666
0.7804,2.5129
0.72214,2.5564
0.6542,2.593
0.57755,2.6252
0.49926,2.6472
0.42245,2.6629
0.34241,2.6746
0.25947,2.6859
0.17481,2.6972
0.087891,2.7102
8.4748E-4,2.7213
-0.082043,2.7261
-0.15756,2.7243
-0.22597,2.7143
-0.29246,2.6952
-0.35963,2.6633
-0.42331,2.6218
-0.48447,2.5755
-0.542,2.5248
-0.59222,2.4717
-0.63866,2.4147
-0.68483,2.3562
-0.73489,2.2982
-0.79237,2.2406
-0.85476,2.1812
-0.92008,2.119
-0.97567,2.06
-1.0238,2.0016
-1.0644,1.9438
-1.1036,1.8764
-1.1386,1.7976
-1.1704,1.7125
-1.1969,1.6326
-1.2166,1.5548
-1.2283,1.4813
-1.2395,1.4092
-1.2531,1.3363
-1.2708,1.2587
-1.293,1.1754
-1.3199,1.0878
-1.3469,1.0033
-1.3684,0.93055
-1.3846,0.86521
-1.3975,0.80325
-1.4053,0.73738
-1.4081,0.66415
-1.4064,0.58548
-1.4027,0.50877
-1.3993,0.44082
-1.4009,0.37558
-1.401,0.30856
-1.401,0.23513
-1.4019,0.15276
-1.4068,0.059974
-1.4133,-0.038404
-1.42,-0.12746
-1.4186,-0.20599
-1.4143,-0.2778
-1.4062,-0.34733
-1.3928,-0.42023
-1.3745,-0.49977
-1.3527,-0.57904
-1.3334,-0.65074
-1.3142,-0.71492
-1.2972,-0.7771
-1.2838,-0.84207
-1.2758,-0.91443
-1.2745,-0.99178
-1.2767,-1.0781
-1.2769,-1.1707
-1.2765,-1.2562
-1.2711,-1.3366
-1.2617,-1.4111
-1.2489,-1.4858
-1.2313,-1.5638
-1.2131,-1.6382
-1.1967,-1.709
-1.1806,-1.7706
-1.161,-1.8278
-1.1381,-1.8884
-1.1116,-1.9549
-1.0844,-2.0287
-1.0548,-2.1095
-1.0225,-2.1942
-0.98936,-2.2702
-0.94984,-2.3387
-0.90353,-2.3944
-0.84905,-2.4436
-0.7846,-2.4878
-0.70937,-2.5265
-0.63081,-2.5579
-0.55439,-2.5832
-0.48399,-2.6015
-0.41489,-2.6174
-0.34182,-2.6346
-0.26675,-2.6512
-0.18774,-2.6707
-0.10349,-2.6907
-0.014732,-2.7107
0.065993,-2.7243
0.14146,-2.731
0.21284,-2.7323
0.2892,-2.7295
0.36946,-2.7221
0.44758,-2.7087
0.52303,-2.6946
0.59151,-2.6804
0.6517,-2.6673
0.71525,-2.6556
0.7857,-2.6451
0.86684,-2.6341
0.94185,-2.6266
1.0356,-2.6109
1.1211,-2.5987
1.1997,-2.5811
1.2653,-2.5291
1.327,-2.493
1.392,-2.4645
1.4483,-2.3969
1.4961,-2.323
1.5338,-2.245
1.5593,-2.1696
1.5782,-2.0932
1.5926,-2.0129
1.6048,-1.9314
1.6195,-1.8496
1.6349,-1.7661
1.6512,-1.6798
1.6635,-1.6012
1.6703,-1.5254
1.6744,-1.4572
1.6752,-1.385
1.6723,-1.3061
1.6642,-1.2219
1.6548,-1.1409
1.6461,-1.0666
1.6395,-0.99889
1.6355,-0.93249
1.6341,-0.86204
1.6367,-0.78554
1.643,-0.70121
1.6499,-0.6082
1.6573,-0.50966
1.6626,-0.42302
1.6641,-0.34388
1.6616,-0.27118
1.6546,-0.19648
1.6415,-0.11588
1.6223,-0.037881
1.6058,0.040674
1.5953,0.11295
1.5897,0.18158
1.5847,0.24983
1.5819,0.32169
1.5819,0.40005
1.5884,0.48522
1.5973,0.57554
1.6037,0.66345
1.6083,0.74405
1.6099,0.81695
1.6091,0.8904
1.6038,0.97005
1.5935,1.0517
1.5816,1.1314
1.5724,1.203
1.5645,1.2677
1.5562,1.3316
1.5489,1.3994
1.5418,1.4761
1.5349,1.5593
1.5308,1.647
1.5257,1.7336
1.5189,1.8123
1.5077,1.8854
1.4921,1.9567
1.4695,2.0295
1.4381,2.1056
1.3997,2.1789
1.3615,2.2461
1.3285,2.3068
1.298,2.362
1.2628,2.4195
1.2201,2.4797
1.1719,2.5428
1.1205,2.6089
1.0632,2.6799
1.0043,2.744
0.94063,2.7931
0.87445,2.8249
0.80443,2.8451
0.72812,2.8571
0.64679,2.8588
0.56386,2.8527
0.48485,2.8443
0.41456,2.8288
0.34588,2.8119
0.27568,2.7957
0.2045,2.7801
0.12816,2.7632
0.045996,2.7463
-0.03565,2.7266
-0.11138,2.703
-0.18028,2.6727
-0.24681,2.6336
-0.31513,2.584
-0.38122,2.5233
-0.44425,2.4606
-0.5052,2.3982
-0.56075,2.3392
-0.61188,2.2847
-0.66474,2.227
-0.72175,2.1692
-0.78639,2.11
-0.8588,2.0483
-0.93079,1.9848
-0.99105,1.9294
-1.0449,1.8739
-1.0924,1.8182
-1.1357,1.7564
-1.1781,1.6827
-1.2127,1.6045
-1.2432,1.5267
-1.2696,1.4525
-1.2922,1.3846
-1.3138,1.3155
-1.3342,1.238
-1.355,1.1558
-1.3777,1.0686
-1.402,0.97656
-1.4265,0.89034
-1.4487,0.81074
-1.4658,0.73778
-1.4781,0.66743
-1.4838,0.59394
-1.4802,0.51503
-1.4652,0.43859
-1.4519,0.36719
-1.4423,0.30109
-1.4354,0.23652
-1.4319,0.16678
-1.4314,0.091106
-1.4342,0.0077061
-1.438,-0.08509
-1.4437,-0.18039
-1.4499,-0.26691
-1.4517,-0.34733
-1.4529,-0.42021
-1.4514,-0.49337
-1.4438,-0.57351
-1.4283,-0.65871
-1.4117,-0.74328
-1.3959,-0.81987
-1.3819,-0.88849
-1.3708,-0.95425
-1.3633,-1.0277
-1.3592,-1.11
-1.3615,-1.2013
-1.3643,-1.3
-1.3665,-1.3957
-1.3656,-1.4827
-1.3611,-1.5598
-1.3545,-1.6331
-1.3423,-1.7118
-1.3212,-1.7907
-1.2945,-1.8697
-1.2634,-1.9406
-1.2312,-2.005
-1.193,-2.0674
-1.1478,-2.1291
-1.0994,-2.1937
-1.0548,-2.2595
-1.0088,-2.3308
-0.9573,-2.4055
-0.90928,-2.4704
-0.85615,-2.5281
-0.80158,-2.5752
-0.73885,-2.6151
-0.66334,-2.646
-0.58069,-2.6651
-0.4973,-2.6791
-0.41309,-2.6886
-0.33743,-2.6912
-0.26369,-2.6975
-0.18594,-2.7052
-0.1029,-2.7115
-0.01446,-2.7159
0.080056,-2.7208
0.17142,-2.7207
0.25067,-2.7167
0.32547,-2.7091
0.39717,-2.6978
0.46954,-2.6802
0.54557,-2.6568
0.62089,-2.6276
0.68675,-2.6006
0.74963,-2.5748
0.80824,-2.5501
0.87029,-2.5247
0.93597,-2.4986
1.0107,-2.4732
1.0909,-2.4482
1.1801,-2.4203
1.255,-2.3962
1.3212,-2.3656
1.3801,-2.3311
1.4369,-2.2877
1.4871,-2.2314
1.5301,-2.1597
1.5629,-2.08
1.5871,-2.0004
1.5977,-1.9202
1.598,-1.8446
1.6001,-1.7717
1.6066,-1.6987
1.6168,-1.624
1.6301,-1.5444
1.6445,-1.4564
1.6624,-1.3734
1.6763,-1.2934
1.6858,-1.2221
1.6902,-1.1528
1.6889,-1.0805
1.6818,-1.0044
1.6682,-0.92977
1.6524,-0.85998
1.6368,-0.79164
1.6199,-0.72727
1.6058,-0.65937
1.5946,-0.58538
1.59,-0.50214
1.5913,-0.41215
1.5949,-0.31707
1.6001,-0.22832
1.6014,-0.1455
1.5977,-0.069955
1.5894,0.0085617
1.5752,0.093406
1.5555,0.17591
1.5358,0.25671
1.5166,0.32908
1.5012,0.39499
1.4913,0.46156
1.4848,0.53675
1.485,0.61408
1.4888,0.70174
1.4988,0.79575
1.5079,0.88633
1.5103,0.96626
1.5083,1.0394
1.5041,1.1101
1.496,1.1857
1.4847,1.2632
1.4694,1.3413
1.4553,1.4138
1.4407,1.4786
1.4243,1.5417
1.4062,1.6075
1.3894,1.6772
1.3769,1.7501
1.3656,1.8313
1.3559,1.917
1.3444,2.0049
1.329,2.0861
1.3072,2.1581
1.281,2.2267
1.2463,2.2951
1.2,2.3625
1.1447,2.4254
1.0855,2.4809
1.0263,2.5317
0.96768,2.5756
0.90529,2.6172
0.84141,2.6582
0.77582,2.7021
0.70822,2.7481
0.63604,2.7953
0.56684,2.8354
0.49657,2.8663
0.42899,2.8886
0.35952,2.9048
0.28347,2.91
0.20279,2.903
0.11985,2.8867
0.041476,2.8646
-0.032088,2.8368
-0.10115,2.806
-0.17267,2.7744
-0.24596,2.7406
-0.3229,2.7061
-0.4041,2.6726
-0.48732,2.6392
-0.56241,2.6042
-0.63147,2.5659
-0.69464,2.5251
-0.75619,2.4761
-0.81761,2.4186
-0.8745,2.3559
-0.92756,2.2942
-0.97698,2.2325
-1.0218,2.1715
-1.0687,2.1062
-1.119,2.0354
-1.1724,1.9637
-1.2317,1.8913
-1.2928,1.8207
-1.3449,1.7586
-1.3896,1.6999
-1.4262,1.6431
-1.4569,1.5828
-1.4832,1.5117
-1.5016,1.4328
-1.516,1.3538
-1.5237,1.2751
-1.5261,1.1994
-1.5246,1.1239
-1.5198,1.046
-1.5163,0.96537
-1.5177,0.8818
-1.5237,0.79483
-1.5293,0.70654
-1.5311,0.62651
-1.5282,0.55222
-1.5261,0.47919
-1.5172,0.40574
-1.5065,0.32377
-1.4927,0.24056
-1.4798,0.16024
-1.469,0.089971
-1.4591,0.025296
-1.4488,-0.040693
-1.4381,-0.11236
-1.4308,-0.19543
-1.4261,-0.28707
-1.4248,-0.38791
-1.4278,-0.48286
-1.4274,-0.57248
-1.4207,-0.65738
-1.4106,-0.74006
-1.3923,-0.82678
-1.368,-0.91237
-1.3434,-0.99334
-1.3245,-1.0676
-1.3115,-1.1325
-1.2997,-1.1975
-1.2887,-1.2681
-1.2792,-1.3445
-1.2704,-1.4315
-1.2653,-1.5235
-1.2653,-1.6151
-1.2652,-1.6957
-1.2587,-1.7667
-1.2468,-1.8318
-1.2267,-1.8993
-1.1965,-1.9724
-1.1559,-2.0458
-1.1109,-2.1155
-1.067,-2.1801
-1.0234,-2.2367
-0.97602,-2.293
-0.92379,-2.3522
-0.86716,-2.4137
-0.80639,-2.4785
-0.74187,-2.5448
-0.67659,-2.6035
-0.60954,-2.6533
-0.54183,-2.6918
-0.47281,-2.7228
-0.39489,-2.7492
-0.30703,-2.7702
-0.21565,-2.7852
-0.13006,-2.7969
-0.051728,-2.8041
0.021383,-2.8078
0.10116,-2.8109
0.18584,-2.812
0.2778,-2.8131
0.37609,-2.8145
0.477,-2.8149
0.56881,-2.8136
0.65287,-2.8036
0.71466,-2.7916
0.78864,-2.7646
0.86764,-2.725
0.95726,-2.669
1.0162,-2.6183
1.0795,-2.5563
1.1236,-2.4684
1.1842,-2.4216
1.2311,-2.349
1.2796,-2.2741
1.3298,-2.1983
1.3848,-2.1183
1.4299,-2.0414
1.4693,-1.968
1.4965,-1.8952
1.5147,-1.8207
1.5242,-1.7405
1.5258,-1.6556
1.5229,-1.5701
1.5157,-1.4872
1.5111,-1.4072
1.5074,-1.3296
1.5062,-1.2484
1.5073,-1.1604
1.5132,-1.0686
1.5236,-0.97098
1.5325,-0.87273
1.5368,-0.7831
1.5306,-0.70055
1.5186,-0.62229
1.5026,-0.54528
1.4841,-0.46316
1.4644,-0.38203
1.4476,-0.30553
1.4361,-0.2344
1.4284,-0.16718
1.423,-0.097687
1.4188,-0.022973
1.4173,0.059176
1.4192,0.14932
1.4193,0.24054
1.4214,0.32216
1.4206,0.39964
1.419,0.47065
1.4134,0.54136
1.4032,0.61736
1.3885,0.69565
1.3699,0.77558
1.3552,0.84834
1.3481,0.91765
1.3443,0.98257
1.3417,1.0528
1.3405,1.1316
1.3425,1.2213
1.3451,1.3146
1.35,1.4062
1.3504,1.4903
1.3485,1.5676
1.3434,1.638
1.3306,1.7091
1.3093,1.7821
1.2779,1.8555
1.2421,1.9222
1.2041,1.9807
1.1637,2.0331
1.1153,2.087
1.06,2.1442
0.99942,2.2025
0.93489,2.2606
0.86767,2.3217
0.80375,2.3752
0.7379,2.4212
0.67492,2.4552
0.612,2.4802
0.53918,2.4984
0.45723,2.5046
0.37155,2.5008
0.28779,2.4894
0.20953,2.4729
0.13466,2.4525
0.057508,2.4316
-0.021587,2.4135
-0.10698,2.3965
-0.19603,2.3771
-0.28551,2.3558
-0.36766,2.3303
-0.43866,2.2993
-0.50491,2.2655
-0.56971,2.2259
-0.63572,2.177
-0.70029,2.124
-0.76061,2.072
-0.81393,2.0164
-0.85784,1.9597
-0.90098,1.8995
-0.94536,1.836
-0.99624,1.7709
-1.0528,1.7017
-1.1151,1.6317
-1.1763,1.5633
-1.2281,1.4963
-1.2707,1.4308
-1.3064,1.365
-1.3342,1.2901
-1.3527,1.2034
-1.3631,1.1126
-1.3687,1.0267
-1.3706,0.94897
-1.3697,0.87477
-1.3658,0.79834
-1.3605,0.71839
-1.3581,0.63397
-1.3603,0.54216
-1.3683,0.44336
-1.3737,0.35467
-1.3793,0.27285
-1.3815,0.197
-1.3795,0.12324
-1.3711,0.043285
-1.356,-0.040267
-1.3393,-0.12308
-1.3272,-0.1994
-1.3215,-0.27072
-1.319,-0.34074
-1.3197,-0.41525
-1.3276,-0.4983
-1.339,-0.58829
-1.3527,-0.68587
-1.3666,-0.77537
-1.3767,-0.8572
-1.381,-0.93035
-1.3813,-0.99942
-1.3776,-1.0729
-1.3676,-1.1544
-1.3525,-1.2406
-1.337,-1.319
-1.3317,-1.39
-1.3275,-1.4535
-1.3215,-1.5207
-1.3106,-1.5952
-1.2986,-1.6771
-1.2866,-1.7645
-1.2722,-1.856
-1.2559,-1.9395
-1.2323,-2.0123
-1.2043,-2.0742
-1.1702,-2.1336
-1.1251,-2.1926
-1.0657,-2.2503
-0.99735,-2.3052
-0.9254,-2.3521
-0.85372,-2.3876
-0.78285,-2.4141
-0.71,-2.4398
-0.63591,-2.4705
-0.55989,-2.5067
-0.47856,-2.5476
-0.39371,-2.5917
-0.31902,-2.6276
-0.24734,-2.6522
-0.18041,-2.6681
-0.11143,-2.6774
-0.032041,-2.6817
0.05397,-2.6797
0.13988,-2.6737
0.22128,-2.6687
0.29712,-2.6651
0.36679,-2.6596
0.4405,-2.6535
0.51856,-2.6461
0.6045,-2.6406
0.69637,-2.6369
0.78969,-2.6315
0.86917,-2.6224
0.92899,-2.6104
1.0231,-2.5251
1.0616,-2.5637
1.1324,-2.5244
1.203,-2.4697
1.2666,-2.4094
1.3177,-2.3448
1.3582,-2.2768
1.3928,-2.2043
1.4224,-2.1281
1.4514,-2.0518
1.4851,-1.9735
1.5222,-1.8911
1.556,-1.8079
1.5821,-1.7315
1.5992,-1.6579
1.6106,-1.5861
1.6175,-1.5075
1.6185,-1.4218
1.6111,-1.3315
1.6026,-1.2449
1.5918,-1.1644
1.584,-1.0916
1.5805,-1.0176
1.5805,-0.93915
1.5849,-0.85306
1.5927,-0.75904
1.6015,-0.65924
1.6124,-0.57247
1.6191,-0.49094
1.6213,-0.41592
1.6197,-0.343
1.6129,-0.26228
1.6009,-0.17739
1.5875,-0.093579
1.5784,-0.019627
1.5751,0.048398
1.5728,0.11612
1.571,0.18795
1.5732,0.26572
1.5797,0.35374
1.5907,0.44632
1.6001,0.53092
1.6071,0.60486
1.6071,0.67375
1.6051,0.73929
1.5991,0.81081
1.589,0.88812
1.575,0.96945
1.5608,1.044
1.5516,1.1108
1.5451,1.1691
1.539,1.2318
1.534,1.3007
1.5332,1.3811
1.5357,1.4699
1.5414,1.5669
1.5473,1.654
1.5471,1.7357
1.5393,1.8091
1.5204,1.8831
1.4879,1.9592
1.4454,2.0341
1.3998,2.1083
1.3563,2.1757
1.3171,2.2332
1.2777,2.2883
1.234,2.3463
1.189,2.4096
1.1428,2.4782
1.0953,2.5509
1.0519,2.6193
1.0062,2.6806
0.95897,2.7331
0.90472,2.781
0.83768,2.8191
0.75608,2.8457
0.66422,2.863
0.57227,2.8715
0.48863,2.871
0.41149,2.8627
0.33332,2.8502
0.25341,2.8361
0.17258,2.8229
0.089041,2.8106
0.0040268,2.7982
-0.073537,2.7836
-0.14661,2.7627
-0.2119,2.7354
-0.27545,2.6992
-0.3394,2.6528
-0.40317,2.6003
-0.46422,2.5466
-0.51899,2.4927
-0.56651,2.4414
-0.61213,2.3886
-0.65933,2.3298
-0.70559,2.2684
-0.75681,2.2054
-0.81554,2.1407
-0.87575,2.0734
-0.93484,2.0108
-0.98384,1.9481
-1.025,1.8828
-1.0625,1.8105
-1.0977,1.7286
-1.1285,1.641
-1.1573,1.5537
-1.1839,1.4723
-1.2072,1.4024
-1.2303,1.3314
-1.2533,1.2562
-1.2816,1.1749
-1.3129,1.0865
-1.3441,0.99265
-1.3746,0.90655
-1.3969,0.82748
-1.4123,0.7536
-1.4222,0.68171
-1.4271,0.60269
-1.4258,0.51514
-1.4175,0.42857
-1.412,0.34719
-1.4054,0.27698
-1.4001,0.2092
-1.3941,0.13841
-1.3901,0.063599
-1.3913,-0.020815
-1.395,-0.11306
-1.399,-0.21158
-1.406,-0.29687
-1.4095,-0.37814
-1.4096,-0.45638
-1.4042,-0.53295
-1.3921,-0.61594
-1.3751,-0.70356
-1.3604,-0.78428
-1.3515,-0.8543
-1.3433,-0.91661
-1.3382,-0.98049
-1.3364,-1.0509
-1.3372,-1.1284
-1.3411,-1.218
-1.3475,-1.3133
-1.3542,-1.4017
-1.3619,-1.4825
-1.3635,-1.557
-1.3614,-1.6282
-1.3567,-1.7029
-1.3433,-1.7831
-1.3238,-1.8646
-1.3029,-1.9413
-1.2803,-2.0107
-1.2536,-2.0748
-1.2209,-2.1414
-1.1825,-2.2117
-1.1424,-2.2859
-1.1005,-2.3646
-1.0551,-2.4454
-1.0095,-2.5159
-0.95925,-2.5768
-0.90533,-2.6237
-0.84451,-2.6628
-0.77445,-2.6945
-0.69433,-2.72
-0.60802,-2.7402
-0.52304,-2.7509
-0.44215,-2.7549
-0.36377,-2.7555
-0.28222,-2.7571
-0.19977,-2.7602
-0.11307,-2.7698
-0.022923,-2.7832
0.066451,-2.7995
0.14577,-2.8117
0.22332,-2.8188
0.29913,-2.82
0.37763,-2.8103
0.4592,-2.7927
0.54072,-2.7693
0.61794,-2.7466
0.68932,-2.7285
0.75246,-2.7113
0.80544,-2.6998
0.88078,-2.6788
0.96302,-2.6557
1.0289,-2.61
1.1386,-2.6059
1.2161,-2.5786
1.2834,-2.5469
1.341,-2.5083
1.3945,-2.4601
1.4462,-2.4004
1.4921,-2.314
1.5356,-2.2346
1.5623,-2.1538
1.5916,-2.0843
1.6002,-2.0029
1.6062,-1.9209
1.6122,-1.8394
1.623,-1.7595
1.6396,-1.6754
1.6564,-1.5885
1.67,-1.5109
1.682,-1.4357
1.6879,-1.3671
1.6883,-1.2964
1.6863,-1.2207
1.6795,-1.1399
1.6688,-1.0564
1.6569,-0.98044
1.6491,-0.9102
1.6414,-0.84444
1.637,-0.77647
1.6355,-0.70309
1.6375,-0.62249
1.6441,-0.53311
1.6534,-0.43719
1.6659,-0.35106
1.6757,-0.26905
1.6809,-0.19483
1.681,-0.11944
1.6734,-0.038628
1.6601,0.040972
1.6477,0.11458
1.642,0.18191
1.6407,0.24449
1.6353,0.30745
1.6289,0.37498
1.628,0.44493
1.6306,0.52524
1.6365,0.61206
1.641,0.70009
1.6468,0.78314
1.647,0.86071
1.643,0.93815
1.6339,1.0151
1.617,1.094
1.5967,1.1711
1.5798,1.2454
1.5613,1.3098
1.5421,1.3679
1.5219,1.4286
1.5038,1.4957
1.4916,1.5689
1.4842,1.6503
1.4806,1.7388
1.4789,1.8219
1.4781,1.9039
1.4682,1.9768
1.4461,2.0449
1.4111,2.1126
1.367,2.1794
1.3219,2.2412
1.2791,2.2978
1.2376,2.3502
1.1968,2.3977
1.1524,2.4475
1.1033,2.5019
1.0512,2.5627
0.99583,2.6266
0.9364,2.6879
0.88088,2.7393
0.82563,2.7783
0.76638,2.8091
0.69882,2.8326
0.62154,2.845
0.53333,2.8475
0.44088,2.8399
0.35348,2.8231
0.2777,2.8006
0.20949,2.7739
0.1409,2.7499
0.070684,2.7265
-0.0031736,2.706
-0.082827,2.6873
-0.16764,2.6677
-0.24199,2.6487
-0.31386,2.6291
-0.37604,2.6084
-0.43514,2.5835
-0.49483,2.5503
-0.55788,2.5041
-0.62243,2.4496
-0.6844,2.3981
-0.73711,2.3526
-0.78779,2.3128
-0.83765,2.27
-0.89222,2.2197
-0.95007,2.1668
-1.0163,2.1125
-1.0898,2.0518
-1.159,1.9957
-1.2249,1.942
-1.2805,1.8865
-1.3288,1.8251
-1.3717,1.7538
-1.4103,1.6726
-1.4393,1.5831
-1.4594,1.4925
-1.4804,1.4176
-1.5024,1.3464
-1.5193,1.2736
-1.5383,1.1961
-1.5599,1.114
-1.5821,1.0295
-1.6009,0.94752
-1.6151,0.87021
-1.624,0.79877
-1.6292,0.72775
-1.6294,0.65124
-1.6214,0.56842
-1.6037,0.48034
-1.5906,0.39605
-1.5791,0.323
-1.5659,0.2566
-1.5547,0.18864
-1.5456,0.1134
-1.5372,0.030745
-1.5281,-0.0622
-1.5183,-0.15829
-1.5066,-0.24366
-1.4907,-0.32423
-1.4729,-0.39789
-1.4538,-0.47563
-1.4314,-0.55862
-1.4109,-0.64031
-1.3942,-0.72184
-1.383,-0.79075
-1.3725,-0.85509
-1.3608,-0.91803
-1.35,-0.9848
-1.3439,-1.0605
-1.3411,-1.1443
-1.3395,-1.2358
-1.3348,-1.3213
-1.3299,-1.3958
-1.3284,-1.468
-1.331,-1.5371
-1.3289,-1.615
-1.3145,-1.6959
-1.2966,-1.7798
-1.2787,-1.861
-1.2624,-1.9299
-1.2451,-1.9906
-1.2223,-2.054
-1.1937,-2.1228
-1.1609,-2.1949
-1.1248,-2.2676
-1.0855,-2.3408
-1.0498,-2.4053
-1.0103,-2.4642
-0.96509,-2.5176
-0.907,-2.5664
-0.83348,-2.6056
-0.7466,-2.6372
-0.65885,-2.6615
-0.5726,-2.6714
-0.49419,-2.6717
-0.41976,-2.6687
-0.34463,-2.6691
-0.27111,-2.6747
-0.19569,-2.686
-0.1133,-2.7016
-0.025822,-2.7171
0.055636,-2.7239
0.13299,-2.7206
0.20969,-2.7116
0.29106,-2.7
0.3761,-2.6851
0.46088,-2.6705
0.54124,-2.658
0.60763,-2.6504
0.67154,-2.6432
0.73899,-2.6315
0.81348,-2.6137
0.89547,-2.5913
0.96861,-2.5684
1.0639,-2.5355
1.1377,-2.5126
1.2093,-2.484
1.2707,-2.4517
1.32,-2.4129
1.374,-2.3559
1.4245,-2.2858
1.4705,-2.2105
1.5019,-2.1339
1.5222,-2.059
1.5322,-1.9846
1.5404,-1.9131
1.5508,-1.8429
1.5669,-1.7717
1.5875,-1.6943
1.6128,-1.6094
1.6368,-1.5219
1.6564,-1.4458
1.6665,-1.3767
1.6714,-1.3097
1.6749,-1.2402
1.6738,-1.1621
1.668,-1.0781
1.6607,-0.99505
1.6569,-0.92109
1.6558,-0.85361
1.6552,-0.78782
1.6579,-0.71511
1.6656,-0.63186
1.6768,-0.53601
1.6892,-0.43386
1.7028,-0.34304
1.7133,-0.25719
1.7179,-0.1779
1.718,-0.10176
1.712,-0.018722
1.7014,0.066728
1.6879,0.15026
1.6779,0.22115
1.6744,0.28789
1.6739,0.35518
1.6762,0.42845
1.6839,0.50777
1.6951,0.5975
1.7072,0.69419
1.7175,0.7836
1.7272,0.86253
1.7319,0.93831
1.7316,1.0088
1.7249,1.0841
1.7114,1.1657
1.6942,1.2462
1.676,1.318
1.6566,1.3832
1.6351,1.4432
1.6139,1.505
1.5934,1.5742
1.5748,1.6519
1.5558,1.739
1.5375,1.8325
1.5202,1.9148
1.4998,1.9914
1.476,2.0602
1.4469,2.125
1.4084,2.1922
1.3597,2.2582
1.3035,2.3211
1.2503,2.3733
1.2,2.4169
1.1461,2.4557
1.0887,2.4936
1.0279,2.5334
0.96318,2.5765
0.89565,2.6241
0.82575,2.6724
0.75925,2.7137
0.69282,2.7486
0.62769,2.7744
0.55847,2.7944
0.4815,2.8053
0.39855,2.8042
0.31252,2.7949
0.23152,2.7777
0.15736,2.7557
0.087526,2.7296
0.015892,2.7008
-0.05806,2.6701
-0.13705,2.6397
-0.22226,2.6106
-0.30863,2.5844
-0.38762,2.5619
-0.46222,2.5358
-0.529,2.5067
-0.59471,2.4709
-0.6599,2.4234
-0.72241,2.3668
-0.78114,2.3067
-0.83472,2.251
-0.88446,2.197
-0.92947,2.1406
-0.97682,2.08
-1.0311,2.0153
-1.0918,1.9489
-1.1592,1.8791
-1.2261,1.8121
-1.2857,1.7512
-1.3353,1.692
-1.3783,1.6334
-1.4168,1.5696
-1.4498,1.4944
-1.4783,1.4091
-1.502,1.3256
-1.5162,1.2468
-1.5259,1.1756
-1.5338,1.1029
-1.5408,1.0224
-1.5482,0.935
-1.5591,0.84352
-1.571,0.74747
-1.5821,0.65742
-1.5907,0.57539
-1.5943,0.4967
-1.5934,0.41844
-1.5866,0.33486
-1.5749,0.24539
-1.5582,0.15691
-1.543,0.076497
-1.5316,0.0013902
-1.5225,-0.070834
-1.5128,-0.14996
-1.5056,-0.23555
-1.5019,-0.33008
-1.4993,-0.42991
-1.497,-0.51983
-1.4905,-0.60187
-1.4796,-0.67767
-1.4649,-0.7534
-1.4437,-0.83483
-1.4178,-0.91862
-1.3922,-1.0008
-1.3727,-1.0763
-1.3567,-1.1439
-1.3441,-1.21
-1.3321,-1.2773
-1.3246,-1.3518
-1.3192,-1.4365
-1.3182,-1.5289
-1.3147,-1.6195
-1.3112,-1.7027
-1.3031,-1.7795
-1.2927,-1.8525
-1.2768,-1.9293
-1.2508,-2.0104
-1.2167,-2.093
-1.181,-2.1669
-1.1464,-2.2324
-1.1101,-2.2928
-1.068,-2.3563
-1.0211,-2.4255
-0.97408,-2.4947
-0.9229,-2.5653
-0.87478,-2.624
-0.82189,-2.6725
-0.76582,-2.7109
-0.70338,-2.7399
-0.63027,-2.7587
-0.54505,-2.7693
-0.45596,-2.7726
-0.37236,-2.7696
-0.29355,-2.7633
-0.22283,-2.755
-0.15202,-2.7505
-0.076777,-2.7499
0.0036346,-2.7538
0.09311,-2.761
0.18914,-2.7678
0.28139,-2.7705
0.36539,-2.7717
0.43919,-2.7664
0.51078,-2.7575
0.58554,-2.743
0.66637,-2.7209
0.74867,-2.6894
0.82384,-2.6582
0.87806,-2.6343
0.93934,-2.6038
1.0011,-2.5668
1.0695,-2.5219
1.1429,-2.4728
1.2251,-2.416
1.3025,-2.3551
1.3666,-2.297
1.4243,-2.2357
1.4729,-2.1734
1.5137,-2.1061
1.5486,-2.0307
1.5754,-1.9458
1.5948,-1.8533
1.6031,-1.7666
1.607,-1.6908
1.6096,-1.616
1.612,-1.54
1.6188,-1.4602
1.6279,-1.3731
1.6425,-1.2826
1.6569,-1.193
1.6715,-1.1094
1.6812,-1.0309
1.6865,-0.95446
1.6883,-0.87352
1.6847,-0.78576
1.6766,-0.69736
1.6726,-0.61739
1.6715,-0.54155
1.67,-0.4741
1.6709,-0.40237
1.6729,-0.32122
1.6767,-0.23041
1.6831,-0.13204
1.6914,-0.032104
1.6992,0.056786
1.7024,0.14243
1.7026,0.22239
1.6993,0.30425
1.6921,0.38973
1.6798,0.47516
1.67,0.55268
1.6618,0.62452
1.6545,0.69035
1.6497,0.759
1.6475,0.8351
1.648,0.92373
1.6518,1.0229
1.6599,1.1246
1.6672,1.2135
1.6677,1.2967
1.6627,1.3735
1.6498,1.4511
1.6288,1.5338
1.5998,1.615
1.5708,1.695
1.5425,1.7652
1.5167,1.8277
1.4891,1.89
1.4597,1.9588
1.4323,2.0353
1.4064,2.1211
1.3796,2.213
1.3547,2.2954
1.3276,2.3686
1.2949,2.4335
1.2585,2.4908
1.2111,2.545
1.1497,2.5984
1.0777,2.6506
1.0063,2.6961
0.93767,2.737
0.87068,2.7692
0.80053,2.7969
0.72708,2.8219
0.65077,2.8504
0.56994,2.8812
0.48191,2.9077
0.4022,2.9294
0.32718,2.9437
0.25882,2.9487
0.19071,2.9436
0.1196,2.9262
0.047288,2.8974
-0.023864,2.8617
-0.092624,2.8229
-0.15808,2.7847
-0.22188,2.747
-0.29106,2.7087
-0.36493,2.668
-0.44615,2.6253
-0.53356,2.585
-0.61348,2.5482
-0.68671,2.5147
-0.752,2.4755
-0.81263,2.4331
-0.87546,2.3821
-0.93826,2.321
-0.99999,2.2525
-1.0585,2.1856
-1.1133,2.1178
-1.1589,2.0516
-1.2006,1.9798
-1.2429,1.9016
-1.2934,1.8187
-1.3489,1.7342
-1.4039,1.6506
-1.4525,1.5758
-1.4912,1.5024
-1.5202,1.4338
-1.5422,1.3649
-1.5611,1.2896
-1.5722,1.2079
-1.5825,1.1244
-1.5852,1.0485
-1.5858,0.97586
-1.5837,0.903
-1.5792,0.82746
-1.5753,0.74611
-1.5731,0.6591
-1.5713,0.56407
-1.5642,0.46921
-1.5583,0.38108
-1.5479,0.29985
-1.5314,0.21984
-1.5091,0.13745
-1.483,0.051211
-1.4553,-0.02939
-1.435,-0.10528
-1.4181,-0.17632
-1.4037,-0.24293
-1.3928,-0.31453
-1.3846,-0.39451
-1.3809,-0.48199
-1.3825,-0.57949
-1.3882,-0.67227
-1.3979,-0.75462
-1.4011,-0.8295
-1.4004,-0.90037
-1.3955,-0.97088
-1.3848,-1.0492
-1.3685,-1.1314
-1.3546,-1.2094
-1.3453,-1.2806
-1.3367,-1.3455
-1.326,-1.4127
-1.3146,-1.4866
-1.3071,-1.5707
-1.3032,-1.6622
-1.3001,-1.7571
-1.3006,-1.8439
-1.2967,-1.9217
-1.2882,-1.9916
-1.2739,-2.0578
-1.2478,-2.1279
-1.2084,-2.1979
-1.1599,-2.2653
-1.1098,-2.3255
-1.0598,-2.3777
-1.005,-2.4229
-0.94285,-2.4696
-0.8757,-2.515
-0.80524,-2.5607
-0.73618,-2.6057
-0.66484,-2.6551
-0.59735,-2.6969
-0.52686,-2.7288
-0.45317,-2.75
-0.37302,-2.7634
-0.28355,-2.7684
-0.1874,-2.7653
-0.091559,-2.7604
-0.005673,-2.7485
0.071326,-2.7388
0.14735,-2.7311
0.2263,-2.7281
0.3119,-2.7302
0.40316,-2.7336
0.49943,-2.7336
0.58884,-2.733
0.67315,-2.729
0.74836,-2.7205
0.8196,-2.7071
0.88301,-2.6902
0.96177,-2.6526
1.0375,-2.6076
1.1061,-2.5594
1.1654,-2.5134
1.2168,-2.467
1.2633,-2.3922
1.3298,-2.3578
1.3899,-2.2955
1.4498,-2.2283
1.5121,-2.1583
1.5661,-2.0944
1.6102,-2.0286
1.6418,-1.9622
1.6692,-1.8877
1.6887,-1.8051
1.7005,-1.7166
1.7081,-1.6295
1.7113,-1.5454
1.7099,-1.4708
1.7071,-1.3971
1.7009,-1.3186
1.7012,-1.234
1.705,-1.1417
1.7113,-1.0443
1.7199,-0.95018
1.7287,-0.86797
1.7306,-0.79245
1.7288,-0.72034
1.725,-0.64833
1.7213,-0.56732
1.7132,-0.48251
1.7046,-0.40105
1.6996,-0.32804
1.697,-0.26299
1.6966,-0.19415
1.698,-0.11609
1.7028,-0.029543
1.7109,0.068446
1.7163,0.16946
1.72,0.25836
1.7212,0.34103
1.719,0.42179
1.712,0.50302
1.7004,0.59191
1.6832,0.68141
1.6665,0.76514
1.6549,0.83882
1.6466,0.90379
1.6384,0.96925
1.6317,1.0398
1.6282,1.1192
1.6285,1.2056
1.6298,1.2971
1.6309,1.3814
1.6328,1.4584
1.6299,1.527
1.6269,1.5931
1.6182,1.6589
1.5989,1.7332
1.574,1.8113
1.5495,1.8892
1.5268,1.9549
1.5103,2.0118
1.4935,2.0712
1.4725,2.1361
1.4493,2.2075
1.4233,2.2874
1.3927,2.3696
1.362,2.4498
1.3356,2.5231
1.3067,2.5894
1.2754,2.6474
1.2358,2.6977
1.1814,2.744
1.1107,2.7847
1.0284,2.8219
0.94963,2.8448
0.87676,2.8604
0.80754,2.8673
0.73687,2.8731
0.66273,2.8788
0.58397,2.8862
0.4981,2.8965
0.40641,2.9045
0.32085,2.9089
0.23834,2.9038
0.16335,2.8873
0.09039,2.8645
0.015885,2.8319
-0.060515,2.791
-0.13574,2.7483
-0.20085,2.7089
-0.25842,2.6718
-0.31147,2.6334
-0.36973,2.5917
-0.43352,2.5464
-0.50458,2.4956
-0.58447,2.4428
-0.67057,2.3895
-0.74851,2.3468
-0.81421,2.3019
-0.87243,2.2549
-0.92658,2.2024
-0.97883,2.1392
-1.0263,2.0661
-1.0708,1.9902
-1.1047,1.9225
-1.1363,1.8598
-1.1632,1.7969
-1.1966,1.7281
-1.2337,1.6523
-1.2746,1.57
-1.3185,1.4814
-1.365,1.3915
-1.4074,1.3129
-1.4394,1.2394
-1.4649,1.172
-1.4862,1.1007
-1.5015,1.0185
-1.5084,0.9296
-1.5131,0.83901
-1.5139,0.75945
-1.5136,0.69166
-1.5124,0.62189
-1.5124,0.54519
-1.5147,0.46475
-1.5246,0.37076
-1.5342,0.26815
-1.5435,0.16824
-1.5461,0.076578
-1.5423,-0.0068832
-1.5344,-0.089263
-1.5212,-0.1752
-1.5064,-0.26438
-1.4939,-0.35319
-1.4884,-0.42797
-1.4872,-0.49594
-1.4828,-0.5599
-1.476,-0.63071
-1.47,-0.70943
-1.4668,-0.80069
-1.4668,-0.89958
-1.4663,-0.99794
-1.465,-1.0861
-1.4562,-1.1687
-1.4415,-1.2459
-1.4226,-1.3306
-1.3991,-1.4182
-1.3753,-1.5029
-1.3587,-1.5784
-1.3417,-1.6473
-1.3299,-1.7105
-1.3181,-1.7788
-1.3044,-1.8535
-1.2899,-1.9415
-1.273,-2.0367
-1.2567,-2.1332
-1.2379,-2.2211
-1.2105,-2.2955
-1.1748,-2.3629
-1.1283,-2.4209
-1.0649,-2.4785
-0.98756,-2.5313
-0.9081,-2.5772
-0.82955,-2.6124
-0.75995,-2.6372
-0.68877,-2.6599
-0.61225,-2.6839
-0.53436,-2.7111
-0.45181,-2.7437
-0.36366,-2.7788
-0.26967,-2.8085
-0.18239,-2.8268
-0.098534,-2.832
-0.017978,-2.8343
0.06384,-2.8305
0.15227,-2.8222
0.24305,-2.8085
0.32853,-2.7885
0.40377,-2.7691
0.47188,-2.7522
0.54211,-2.7364
0.62068,-2.7183
0.70887,-2.6972
0.80538,-2.6743
0.89204,-2.6567
0.98291,-2.6323
1.0627,-2.5999
1.1427,-2.5548
1.1996,-2.5117
1.265,-2.4502
1.3272,-2.3749
1.3857,-2.2934
1.4271,-2.214
1.4595,-2.1435
1.4914,-2.0718
1.5235,-1.9946
1.5582,-1.9144
1.5993,-1.8319
1.6445,-1.7468
1.6837,-1.6665
1.7103,-1.5891
1.7272,-1.5148
1.7376,-1.4443
1.7447,-1.3674
1.744,-1.2794
1.7382,-1.1872
1.7304,-1.1039
1.724,-1.0303
1.7202,-0.96258
1.7157,-0.89056
1.7098,-0.81101
1.7062,-0.72439
1.7072,-0.62752
1.7117,-0.52191
1.7169,-0.42936
1.7139,-0.34502
1.7035,-0.26282
1.6907,-0.18213
1.6741,-0.091107
1.6567,0.0011555
1.6414,0.087199
1.6326,0.16331
1.6253,0.23225
1.6178,0.30455
1.6102,0.38755
1.6076,0.48121
1.6105,0.58456
1.6146,0.68602
1.6208,0.77482
1.6211,0.8591
1.6154,0.9379
1.6052,1.0181
1.5904,1.1037
1.5743,1.1882
1.5635,1.2657
1.5597,1.3308
1.5586,1.3927
1.5536,1.4601
1.544,1.5356
1.5355,1.6188
1.5299,1.7095
1.5244,1.8028
1.5197,1.8886
1.5089,1.9685
1.4885,2.0416
1.458,2.1147
1.4166,2.1893
1.3679,2.2629
1.3165,2.3312
1.265,2.3876
1.2157,2.4359
1.1598,2.4846
1.0966,2.5323
1.0295,2.5798
0.95987,2.6316
0.89076,2.6843
0.82865,2.7355
0.76901,2.783
0.71187,2.8186
0.65381,2.842
0.59328,2.8529
0.52142,2.8531
0.44155,2.8383
0.35892,2.8154
0.28472,2.7877
0.2194,2.7615
0.15463,2.737
0.084319,2.7129
0.0065696,2.689
-0.077788,2.6645
-0.1646,2.6405
-0.2544,2.6179
-0.33259,2.5941
-0.40183,2.5635
-0.46377,2.5294
-0.52602,2.4867
-0.59017,2.4341
-0.65349,2.3745
-0.71489,2.3182
-0.76856,2.2665
-0.81573,2.2194
-0.86222,2.1693
-0.91156,2.1128
-0.96613,2.051
-1.0285,1.9847
-1.0962,1.9163
-1.162,1.85
-1.2182,1.7848
-1.2625,1.7177
-1.3017,1.6487
-1.3373,1.5728
-1.3682,1.4892
-1.3926,1.4021
-1.4152,1.3211
-1.4344,1.2462
-1.451,1.1721
-1.4676,1.0934
-1.4862,1.0088
-1.5091,0.9207
-1.5366,0.82742
-1.5632,0.74058
-1.5853,0.66076
-1.6007,0.58774
-1.6061,0.51746
-1.6023,0.44332
-1.5941,0.36113
-1.5819,0.27715
-1.57,0.1993
-1.5587,0.12981
-1.5461,0.063923
-1.5341,-0.0063978
-1.5241,-0.082903
-1.5204,-0.16917
-1.5204,-0.26707
-1.5203,-0.36992
-1.5235,-0.46331
-1.519,-0.54892
-1.511,-0.62937
-1.4967,-0.70863
-1.4764,-0.79078
-1.4574,-0.87182
-1.4481,-0.94729
-1.4505,-1.0099
-1.456,-1.0689
-1.4599,-1.1283
-1.4644,-1.1974
-1.4707,-1.2753
-1.4798,-1.3604
-1.4926,-1.4532
-1.5052,-1.5356
-1.5129,-1.6108
-1.5121,-1.6775
-1.5058,-1.7453
-1.4922,-1.819
-1.467,-1.8996
-1.4361,-1.9821
-1.404,-2.0557
-1.3738,-2.1221
-1.3423,-2.1834
-1.308,-2.2454
-1.2692,-2.3114
-1.2276,-2.3823
-1.1826,-2.4529
-1.1354,-2.5238
-1.0843,-2.5885
-1.0275,-2.6421
-0.96025,-2.6838
-0.88022,-2.7127
-0.78819,-2.7334
-0.68827,-2.747
-0.59093,-2.7526
-0.5033,-2.7565
-0.42747,-2.7625
-0.35115,-2.7723
-0.27093,-2.7841
-0.18505,-2.7993
-0.090482,-2.8165
0.0091803,-2.8308
0.099224,-2.8425
0.18129,-2.8458
0.26036,-2.8444
0.34092,-2.8383
0.4269,-2.824
0.5134,-2.7991
0.59545,-2.7734
0.6637,-2.752
0.726,-2.7347
0.77463,-2.7232
0.84575,-2.7031
0.92549,-2.6829
1.0267,-2.6555
1.1022,-2.6374
1.1862,-2.6096
1.2583,-2.5748
1.319,-2.5295
1.3837,-2.4694
1.4268,-2.4029
1.4683,-2.3082
1.5148,-2.2397
1.5478,-2.1517
1.5676,-2.0706
1.5826,-1.9925
1.595,-1.9131
1.6093,-1.8319
1.6268,-1.7442
1.6469,-1.6507
1.6645,-1.5539
1.676,-1.466
1.6771,-1.3854
1.6721,-1.3055
1.6645,-1.2251
1.6523,-1.1392
1.6418,-1.0541
1.6382,-0.97401
1.6381,-0.904
1.6383,-0.84079
1.6394,-0.77333
1.6437,-0.69839
1.6528,-0.61204
1.6687,-0.51502
1.685,-0.41207
1.6975,-0.32276
1.7048,-0.24058
1.708,-0.16339
1.7086,-0.085191
1.7057,0.0010575
1.6982,0.086281
1.6916,0.1662
1.6901,0.23268
1.691,0.29343
1.6902,0.35596
1.6899,0.42515
1.6951,0.50209
1.7048,0.58799
1.717,0.6839
1.7295,0.77985
1.7416,0.86367
1.7465,0.93964
1.7488,1.0057
1.7486,1.0797
1.7421,1.1593
1.7304,1.24
1.7207,1.3166
1.7137,1.3841
1.709,1.4459
1.7055,1.5101
1.7017,1.583
1.6969,1.6687
1.6896,1.7641
1.6799,1.8638
1.6665,1.9542
1.6481,2.0363
1.625,2.1152
1.5968,2.1904
1.5571,2.2698
1.5071,2.3465
1.4563,2.4156
1.4038,2.4718
1.3507,2.5188
1.2929,2.5645
1.2317,2.6105
1.1681,2.6602
1.102,2.7145
1.0305,2.7721
0.96487,2.8239
0.89742,2.8684
0.82915,2.9009
0.75806,2.9212
0.67825,2.9283
0.59282,2.9244
0.50691,2.9124
0.42665,2.8915
0.35855,2.8679
0.29247,2.8448
0.22446,2.8211
0.15193,2.7997
0.075089,2.781
-0.0090977,2.7653
-0.098766,2.7475
-0.1794,2.7294
-0.2538,2.7063
-0.32314,2.6756
-0.39044,2.6362
-0.4579,2.5842
-0.52309,2.5249
-0.58811,2.4692
-0.64242,2.422
-0.69074,2.382
-0.73858,2.3409
-0.78899,2.296
-0.84688,2.2478
-0.9119,2.1976
-0.98598,2.1497
-1.066,2.1013
-1.1362,2.0528
-1.1923,2.0004
-1.2401,1.9468
-1.2847,1.8896
-1.3288,1.8229
-1.3699,1.751
-1.4092,1.6788
-1.4452,1.6102
-1.4764,1.5466
-1.5117,1.4805
-1.5516,1.4095
-1.5987,1.3347
-1.6461,1.2527
-1.6883,1.1632
-1.7203,1.0762
-1.7387,0.99138
-1.7464,0.90641
-1.7432,0.82021
-1.7323,0.72841
-1.7206,0.63566
-1.7098,0.55504
-1.701,0.4837
-1.692,0.41694
-1.6811,0.34455
-1.6697,0.26327
-1.6616,0.17236
-1.6533,0.074159
-1.6445,-0.030197
-1.639,-0.12264
-1.6284,-0.20709
-1.6125,-0.28833
-1.5926,-0.36689
-1.5655,-0.452
-1.534,-0.53502
-1.5123,-0.60666
-1.4997,-0.67139
-1.4896,-0.7303
-1.4808,-0.79432
-1.4709,-0.86839
-1.4597,-0.95346
-1.4502,-1.046
-1.4396,-1.1458
-1.429,-1.2373
-1.4124,-1.3226
-1.3899,-1.4065
-1.3667,-1.4895
-1.3393,-1.5769
-1.3127,-1.662
-1.2912,-1.7409
-1.2762,-1.8084
-1.2639,-1.8701
-1.2472,-1.936
-1.2248,-2.0109
-1.1989,-2.0948
-1.1692,-2.1854
-1.1347,-2.277
-1.0979,-2.3577
-1.0559,-2.4274
-1.0071,-2.4863
-0.94664,-2.5372
-0.86994,-2.5832
-0.7816,-2.6235
-0.69517,-2.655
-0.61423,-2.6801
-0.53972,-2.6977
-0.46091,-2.7143
-0.37737,-2.7317
-0.29169,-2.7532
-0.20474,-2.7793
-0.11515,-2.8052
-0.029844,-2.8299
0.048057,-2.8464
0.12605,-2.8578
0.20539,-2.8614
0.29316,-2.8553
0.38132,-2.8404
0.46022,-2.824
0.52743,-2.8108
0.58995,-2.7998
0.65557,-2.7856
0.71356,-2.7758
0.79616,-2.7576
0.88354,-2.7414
0.97642,-2.7239
1.0578,-2.7068
1.1349,-2.6806
1.2014,-2.6445
1.2612,-2.5986
1.3202,-2.5403
1.375,-2.4712
1.4277,-2.3932
1.473,-2.3147
1.509,-2.2433
1.5373,-2.1747
1.5655,-2.1008
1.5923,-2.0221
1.624,-1.9404
1.659,-1.8532
1.6936,-1.762
1.7204,-1.6796
1.738,-1.5983
1.7473,-1.524
1.75,-1.4487
1.7476,-1.3661
1.7409,-1.2792
1.7342,-1.1899
1.7275,-1.1121
1.7261,-1.0443
1.7273,-0.97494
1.7283,-0.89734
1.7305,-0.81078
1.7376,-0.717
1.7499,-0.61574
1.7601,-0.52288
1.7632,-0.43968
1.761,-0.36172
1.7549,-0.28372
1.7434,-0.19847
1.7286,-0.11037
1.7139,-0.024029
1.7086,0.046373
1.7108,0.11096
1.7137,0.1737
1.7171,0.24434
1.7218,0.32589
1.7292,0.41599
1.7383,0.51474
1.7463,0.60453
1.7529,0.6866
1.7545,0.7657
1.7586,0.8395
1.7602,0.9174
1.7549,1.0004
1.7446,1.0852
1.7306,1.1625
1.7178,1.2298
1.7043,1.2888
1.6921,1.3514
1.6829,1.423
1.6757,1.5097
1.6692,1.6054
1.659,1.7002
1.6489,1.7863
1.6325,1.867
1.6119,1.9442
1.5869,2.02
1.5537,2.0987
1.516,2.1776
1.4791,2.2472
1.4467,2.3069
1.4184,2.3613
1.3873,2.4143
1.3498,2.4744
1.3016,2.5421
1.2531,2.6102
1.2031,2.6811
1.1501,2.7457
1.0919,2.7996
1.0287,2.8402
0.95748,2.8706
0.87454,2.8911
0.78129,2.9018
0.69376,2.9035
0.61511,2.8999
0.5474,2.8917
0.48031,2.8825
0.40914,2.8724
0.33326,2.864
0.24917,2.8553
0.15905,2.8438
0.070021,2.8304
-0.012539,2.8119
-0.085864,2.7869
-0.1581,2.7561
-0.23036,2.7154
-0.30654,2.6654
-0.38152,2.614
-0.44625,2.5694
-0.50433,2.5291
-0.55825,2.4912
-0.61785,2.449
-0.68378,2.4018
-0.75794,2.3534
-0.84266,2.3003
-0.93035,2.2487
-1.0052,2.1986
-1.0713,2.1453
-1.1318,2.0875
-1.1846,2.0186
-1.2329,1.9392
-1.2739,1.8568
-1.309,1.78
-1.3399,1.7096
-1.3691,1.644
-1.4019,1.5735
-1.4378,1.4977
-1.4807,1.4164
-1.5276,1.3281
-1.5699,1.2417
-1.6017,1.1587
-1.62,1.0782
-1.6318,0.99651
-1.6325,0.91015
-1.6233,0.81856
-1.6118,0.73003
-1.601,0.65299
-1.5912,0.58329
-1.5837,0.5146
-1.5768,0.44123
-1.568,0.36119
-1.5654,0.26994
-1.567,0.17159
-1.5712,0.074136
-1.5741,-0.012787
-1.5713,-0.092247
-1.5655,-0.16514
-1.5544,-0.24068
-1.5377,-0.32292
-1.5159,-0.40657
-1.4974,-0.48318
-1.4879,-0.54875
-1.4836,-0.60947
-1.4797,-0.6738
-1.4763,-0.74486
-1.4761,-0.82919
-1.479,-0.92291
-1.4831,-1.0215
-1.4873,-1.11
-1.4914,-1.1932
-1.4899,-1.269
-1.4863,-1.3464
-1.4736,-1.4299
-1.4553,-1.5125
-1.4368,-1.5932
-1.4198,-1.6609
-1.4062,-1.7218
-1.3907,-1.7871
-1.3695,-1.8605
-1.3434,-1.9411
-1.3156,-2.0283
-1.2832,-2.1218
-1.246,-2.2056
-1.2086,-2.2755
-1.1673,-2.3357
-1.1198,-2.3935
-1.062,-2.446
-0.99464,-2.4934
-0.91985,-2.5373
-0.84589,-2.5699
-0.77691,-2.5935
-0.71092,-2.613
-0.64107,-2.6365
-0.56532,-2.6629
-0.48543,-2.6962
-0.39688,-2.7324
-0.30251,-2.7694
-0.21809,-2.7983
-0.138,-2.8177
-0.05937,-2.8287
0.018126,-2.8364
0.10433,-2.8398
0.19223,-2.8381
0.27604,-2.8359
0.34873,-2.8327
0.41509,-2.8276
0.48348,-2.8223
0.56145,-2.8163
0.64918,-2.8102
0.73168,-2.8086
0.83031,-2.8014
0.92224,-2.7951
1.0056,-2.7799
1.0803,-2.7554
1.148,-2.7209
1.2279,-2.6648
1.2775,-2.6098
1.3361,-2.5409
1.3828,-2.47
1.4213,-2.4012
1.4521,-2.3327
1.4829,-2.2611
1.5161,-2.1872
1.5559,-2.1077
1.5986,-2.0236
1.6424,-1.9333
1.6764,-1.8512
1.6984,-1.7675
1.7082,-1.6899
1.7104,-1.6127
1.7055,-1.5286
1.6944,-1.4428
1.6836,-1.3607
1.6788,-1.2877
1.6775,-1.2219
1.6774,-1.1516
1.6785,-1.0731
1.6821,-0.98571
1.69,-0.88827
1.6984,-0.78566
1.7047,-0.69659
1.706,-0.61304
1.7026,-0.53579
1.6952,-0.4552
1.6793,-0.36875
1.6656,-0.2812
1.6571,-0.19677
1.6553,-0.12528
1.6555,-0.055388
1.6565,0.016745
1.6584,0.096915
1.6637,0.18475
1.6726,0.28064
1.6747,0.37741
1.6781,0.46474
1.6789,0.54569
1.6777,0.61836
1.6722,0.69489
1.6574,0.7794
1.6372,0.87013
1.62,0.95785
1.6131,1.0297
1.6135,1.0933
1.6134,1.1567
1.6118,1.2266
1.6107,1.3033
1.613,1.3912
1.6139,1.4878
1.6177,1.5863
1.6185,1.6717
1.6139,1.7497
1.605,1.825
1.5897,1.9023
1.5643,1.9846
1.5303,2.0688
1.4969,2.1457
1.4655,2.2117
1.4341,2.2707
1.3994,2.333
1.3597,2.4012
1.3155,2.4768
1.2657,2.5568
1.2127,2.6345
1.1592,2.7012
1.1022,2.756
1.0412,2.7987
0.97297,2.8306
0.89257,2.8522
0.80895,2.8664
0.72862,2.873
0.65516,2.8761
0.58755,2.8761
0.5153,2.875
0.43645,2.8715
0.35057,2.8686
0.25717,2.8667
0.1545,2.8658
0.061506,2.8602
-0.023927,2.8452
-0.10017,2.8196
-0.17419,2.7847
-0.25098,2.7398
-0.32647,2.6898
-0.39577,2.6422
-0.45526,2.5984
-0.508,2.5532
-0.56419,2.5078
-0.62583,2.457
-0.69538,2.4047
-0.77288,2.3513
-0.85486,2.2931
-0.92751,2.2383
-0.99218,2.1784
-1.0513,2.1127
-1.1028,2.0423
-1.1517,1.9604
-1.1957,1.8733
-1.2322,1.7924
-1.265,1.7232
-1.2987,1.6574
-1.3348,1.5877
-1.3755,1.5077
-1.4215,1.4206
-1.4711,1.3287
-1.5155,1.2429
-1.5479,1.1566
-1.5687,1.075
-1.5818,0.99413
-1.5872,0.90738
-1.5864,0.81259
-1.5821,0.71862
-1.5779,0.64092
-1.5768,0.57374
-1.5754,0.50715
-1.5736,0.43306
-1.5773,0.34824
-1.5865,0.25416
-1.5967,0.15267
-1.6048,0.056811
-1.606,-0.0313
-1.5973,-0.1143
-1.5829,-0.19682
-1.5623,-0.28546
-1.5382,-0.37416
-1.5176,-0.4627
-1.5104,-0.5404
-1.5151,-0.60985
-1.5211,-0.68259
-1.5231,-0.76451
-1.5226,-0.8575
-1.5233,-0.96118
-1.5266,-1.0671
-1.5308,-1.1629
-1.5277,-1.2474
-1.5177,-1.3315
-1.5011,-1.4129
-1.4783,-1.4999
-1.455,-1.5861
-1.4354,-1.6668
-1.4241,-1.7342
-1.416,-1.7974
-1.4034,-1.8649
-1.3855,-1.943
-1.3626,-2.0322
-1.3387,-2.1287
-1.313,-2.2264
-1.2851,-2.3134
-1.2505,-2.3908
-1.2099,-2.4553
-1.1585,-2.5112
-1.0935,-2.5605
-1.0177,-2.6048
-0.93661,-2.6433
-0.85708,-2.6692
-0.78241,-2.6895
-0.7063,-2.7095
-0.62454,-2.7305
-0.53905,-2.754
-0.44753,-2.7814
-0.35091,-2.8118
-0.25914,-2.8395
-0.17214,-2.8594
-0.088538,-2.8698
-0.0097467,-2.8743
0.077142,-2.8727
0.16704,-2.8631
0.25506,-2.8531
0.3272,-2.8472
0.39055,-2.8466
0.45146,-2.8434
0.52266,-2.8367
0.60616,-2.8256
0.7002,-2.812
0.78764,-2.8059
0.88708,-2.7918
0.97507,-2.7705
1.0517,-2.7089
1.1287,-2.6987
1.1978,-2.6454
1.2614,-2.5795
1.3212,-2.5056
1.3706,-2.4322
1.4092,-2.363
1.4437,-2.293
1.479,-2.218
1.5168,-2.1397
1.556,-2.0572
1.6025,-1.9701
1.6525,-1.8802
1.6922,-1.7985
1.7189,-1.7213
1.7366,-1.6481
1.7486,-1.5751
1.7555,-1.4931
1.7559,-1.4075
1.7563,-1.3256
1.758,-1.2533
1.7613,-1.1883
1.7649,-1.1186
1.7679,-1.0383
1.7718,-0.95034
1.7801,-0.8509
1.7901,-0.74416
1.7982,-0.64804
1.8004,-0.55803
1.7943,-0.47593
1.7847,-0.39545
1.7692,-0.30578
1.7512,-0.21433
1.7381,-0.12907
1.7338,-0.057963
1.7339,0.0098161
1.7343,0.080204
1.7363,0.16011
1.7423,0.25144
1.7528,0.35368
1.766,0.45742
1.7746,0.5533
1.7758,0.64083
1.7727,0.72387
1.7633,0.80898
1.7472,0.89833
1.7281,0.9885
1.7159,1.0656
1.7117,1.1298
1.7087,1.1912
1.7047,1.2599
1.6995,1.3423
1.6933,1.436
1.688,1.5359
1.6814,1.6327
1.6718,1.7208
1.6576,1.8025
1.64,1.877
1.6133,1.954
1.5752,2.0338
1.5302,2.1133
1.4885,2.1819
1.4507,2.2437
1.4132,2.3021
1.372,2.3637
1.3262,2.4317
1.2779,2.5066
1.228,2.5863
1.1734,2.6684
1.1193,2.7367
1.0596,2.7894
0.9925,2.831
0.9156,2.8567
0.82753,2.8703
0.73312,2.8747
0.64541,2.8708
0.57009,2.8686
0.50073,2.8682
0.4249,2.8674
0.34352,2.8653
0.25677,2.867
0.16628,2.87
0.079862,2.8699
7.63E-5,2.8649
-0.074274,2.8506
-0.14511,2.8296
-0.21797,2.7992
-0.29377,2.7567
-0.36816,2.7065
-0.4343,2.658
-0.49133,2.6162
-0.54761,2.5765
-0.6055,2.5302
-0.66907,2.4776
-0.73916,2.4229
-0.81611,2.3686
-0.8997,2.314
-0.97549,2.259
-1.0404,2.1983
-1.0958,2.1335
-1.1451,2.0619
-1.1931,1.9776
-1.2374,1.8888
-1.2759,1.807
-1.3086,1.7368
-1.3392,1.6731
-1.3735,1.6049
-1.4114,1.5275
-1.4515,1.4423
-1.4969,1.3558
-1.5478,1.2654
-1.5896,1.179
-1.615,1.0949
-1.6268,1.0148
-1.6263,0.93502
-1.6167,0.84708
-1.5978,0.75488
-1.5768,0.66753
-1.5578,0.59205
-1.546,0.52288
-1.5401,0.44982
-1.5344,0.37271
-1.5362,0.28168
-1.5388,0.18022
-1.5356,0.072002
-1.5274,-0.024937
-1.5119,-0.11393
-1.4943,-0.2009
-1.4729,-0.28641
-1.4494,-0.37491
-1.4282,-0.45797
-1.4131,-0.53341
-1.4067,-0.59829
-1.4045,-0.66289
-1.4042,-0.73306
-1.4067,-0.81313
-1.4118,-0.90409
-1.4197,-1.0014
-1.4263,-1.0981
-1.4287,-1.1902
-1.4236,-1.2769
-1.417,-1.3553
-1.4065,-1.4378
-1.3895,-1.5244
-1.367,-1.6097
-1.347,-1.6827
-1.334,-1.7447
-1.3219,-1.8053
-1.3055,-1.8717
-1.2857,-1.9456
-1.2625,-2.0317
-1.2345,-2.1232
-1.2018,-2.2168
-1.1617,-2.2966
-1.1155,-2.3626
-1.0648,-2.4207
-1.0053,-2.4751
-0.93472,-2.5256
-0.85385,-2.5718
-0.77358,-2.6127
-0.70545,-2.6476
-0.64217,-2.6806
-0.57454,-2.7083
-0.49758,-2.7344
-0.41567,-2.7633
-0.33122,-2.7967
-0.24271,-2.8295
-0.15811,-2.8567
-0.073059,-2.877
0.0082984,-2.8903
0.092645,-2.8955
0.18152,-2.8908
0.27246,-2.8782
0.35947,-2.8602
0.43296,-2.8414
0.50037,-2.8285
0.56686,-2.8188
0.63991,-2.8093
0.7057,-2.8061
0.7948,-2.7939
0.89289,-2.7744
0.98339,-2.7509
1.077,-2.7158
1.1448,-2.6806
1.1954,-2.6424
1.2577,-2.5867
1.315,-2.5211
1.3692,-2.4513
1.4236,-2.3854
1.4539,-2.3255
1.4874,-2.2588
1.5206,-2.1846
1.5552,-2.1062
1.591,-2.0251
1.6281,-1.9424
1.67,-1.8598
1.7053,-1.7806
1.7283,-1.703
1.7437,-1.6221
1.7527,-1.5377
1.7542,-1.4478
1.7486,-1.3568
1.7401,-1.2673
1.7342,-1.1948
1.7321,-1.1282
1.7312,-1.0563
1.7331,-0.97829
1.739,-0.89193
1.749,-0.79534
1.7577,-0.69223
1.7671,-0.60038
1.7711,-0.51374
1.7689,-0.43534
1.7606,-0.35916
1.7475,-0.27773
1.7297,-0.19712
1.7176,-0.119
1.7106,-0.049167
1.706,0.014102
1.7026,0.080876
1.7018,0.14972
1.7088,0.22917
1.7197,0.32135
1.7297,0.42098
1.7394,0.51629
1.743,0.60294
1.7414,0.6821
1.735,0.7577
1.7223,0.83909
1.7055,0.91869
1.6835,0.99539
1.6628,1.0618
1.6459,1.1227
1.6348,1.1814
1.6287,1.2487
1.6267,1.3259
1.6272,1.4128
1.6275,1.5114
1.6285,1.6084
1.6283,1.694
1.6225,1.77
1.6141,1.8396
1.5984,1.9138
1.5709,1.9942
1.5344,2.0729
1.4945,2.1459
1.4593,2.2067
1.4263,2.2626
1.3925,2.3192
1.3548,2.3828
1.3108,2.4521
1.2589,2.5247
1.1987,2.6
1.1374,2.6633
1.0748,2.7187
1.0094,2.7639
0.94157,2.801
0.86409,2.8308
0.77956,2.8496
0.69281,2.8615
0.61298,2.8659
0.54469,2.8635
0.4762,2.8573
0.40308,2.8504
0.32342,2.8436
0.23939,2.8377
0.15282,2.8335
0.064467,2.8285
-0.017992,2.8175
-0.093869,2.7915
-0.16738,2.7564
-0.24083,2.7102
-0.31524,2.6555
-0.38574,2.5986
-0.44502,2.5437
-0.49886,2.4943
-0.54834,2.4466
-0.60636,2.3994
-0.67118,2.346
-0.74503,2.2862
-0.82507,2.2225
-0.90807,2.1594
-0.98198,2.099
-1.0441,2.0381
-1.1017,1.9745
-1.1522,1.905
-1.1978,1.8265
-1.2398,1.7444
-1.277,1.6665
-1.3069,1.5966
-1.3348,1.5333
-1.3641,1.4653
-1.3954,1.3877
-1.4321,1.3039
-1.4742,1.2189
-1.5163,1.1281
-1.5514,1.0426
-1.5737,0.96083
-1.5873,0.87922
-1.5909,0.79329
-1.5856,0.70447
-1.5753,0.6179
-1.5693,0.54156
-1.5645,0.47203
-1.556,0.40744
-1.5504,0.33363
-1.5445,0.25081
-1.5423,0.15754
-1.5439,0.056485
-1.5426,-0.045418
-1.5369,-0.13792
-1.5227,-0.22469
-1.5051,-0.30903
-1.4868,-0.39617
-1.4701,-0.48513
-1.4568,-0.56902
-1.4514,-0.64535
-1.453,-0.71164
-1.4586,-0.77762
-1.465,-0.84791
-1.4727,-0.92721
-1.4822,-1.0192
-1.4904,-1.1174
-1.5001,-1.211
-1.5085,-1.2986
-1.5098,-1.3736
-1.5091,-1.4451
-1.5041,-1.5219
-1.4922,-1.6027
-1.4727,-1.6858
-1.4555,-1.7585
-1.4451,-1.8209
-1.4367,-1.8791
-1.4247,-1.9412
-1.4098,-2.0131
-1.3893,-2.0952
-1.3648,-2.1826
-1.3354,-2.2725
-1.3031,-2.3514
-1.2628,-2.4185
-1.2156,-2.4737
-1.1607,-2.5179
-1.0935,-2.5579
-1.0136,-2.5935
-0.92856,-2.6229
-0.8507,-2.6462
-0.78072,-2.6646
-0.71383,-2.6826
-0.64052,-2.7021
-0.55916,-2.7251
-0.47239,-2.7534
-0.3786,-2.7862
-0.28482,-2.8163
-0.19684,-2.8399
-0.11417,-2.8537
-0.033488,-2.8628
0.046988,-2.8647
0.13449,-2.8611
0.22355,-2.8515
0.30431,-2.8466
0.36805,-2.8473
0.4257,-2.8473
0.48899,-2.8433
0.56256,-2.8348
0.64675,-2.8262
0.73697,-2.8171
0.82296,-2.8108
0.911,-2.7966
0.99869,-2.7747
1.0774,-2.7404
1.1595,-2.6881
1.2271,-2.6277
1.2763,-2.5626
1.3323,-2.4925
1.3833,-2.4234
1.4267,-2.3583
1.4683,-2.2921
1.5107,-2.2186
1.5556,-2.1399
1.6034,-2.0565
1.6494,-1.9648
1.6892,-1.8709
1.7217,-1.7805
1.7418,-1.6952
1.7547,-1.6094
1.7599,-1.5174
1.7583,-1.4226
1.7542,-1.3283
1.7472,-1.2416
1.7424,-1.1634
1.7368,-1.0844
1.7292,-0.9984
1.7246,-0.9063
1.7249,-0.8072
1.7267,-0.70173
1.7313,-0.60598
1.7343,-0.51472
1.732,-0.42732
1.7259,-0.34146
1.7155,-0.25139
1.7009,-0.16321
1.6861,-0.075938
1.6757,1.0195E-4
1.6727,0.069647
1.6697,0.14282
1.6654,0.22081
1.6642,0.30682
1.6686,0.40147
1.6758,0.50251
1.6853,0.59162
1.6908,0.67642
1.689,0.75648
1.6833,0.83011
1.6709,0.91003
1.6511,0.99259
1.6309,1.0739
1.6151,1.1482
1.6088,1.2128
1.6058,1.2747
1.6008,1.3421
1.5959,1.4194
1.5948,1.5066
1.5971,1.5978
1.6016,1.6926
1.6047,1.7773
1.6005,1.8557
1.5914,1.9325
1.5747,2.0106
1.5476,2.0928
1.5126,2.1745
1.4786,2.2478
1.4514,2.3095
1.4223,2.3662
1.3882,2.424
1.3499,2.4872
1.3051,2.5554
1.2586,2.6283
1.2061,2.706
1.1544,2.7773
1.0998,2.8368
1.0434,2.8801
0.97963,2.9128
0.90849,2.9325
0.82831,2.9443
0.74044,2.9483
0.65123,2.944
0.56974,2.9321
0.49654,2.9174
0.42568,2.9034
0.35255,2.8868
0.27762,2.8678
0.19752,2.8517
0.11217,2.8397
0.022819,2.8289
-0.055593,2.8201
-0.12818,2.805
-0.19342,2.7849
-0.25985,2.7549
-0.32865,2.711
-0.39952,2.6573
-0.46738,2.6039
-0.52406,2.5559
-0.57651,2.5107
-0.62736,2.4659
-0.68297,2.4157
-0.7436,2.366
-0.81055,2.3215
-0.88697,2.2734
-0.96571,2.2225
-1.0352,2.1756
-1.0952,2.1243
-1.148,2.0681
-1.1972,2.0021
-1.2423,1.9254
-1.2822,1.8447
-1.3198,1.7678
-1.3551,1.6997
-1.3881,1.6381
-1.4223,1.5711
-1.4557,1.4952
-1.4916,1.4133
-1.5308,1.3282
-1.5681,1.2433
-1.6022,1.1669
-1.627,1.0911
-1.6427,1.0161
-1.6501,0.9381
-1.6487,0.8533
-1.6417,0.76861
-1.6353,0.68725
-1.6273,0.61534
-1.618,0.54668
-1.6071,0.47512
-1.5924,0.3987
-1.5811,0.31279
-1.5724,0.21877
-1.5654,0.11888
-1.5635,0.022081
-1.5594,-0.06348
-1.5533,-0.14095
-1.5479,-0.2143
-1.5389,-0.29173
-1.525,-0.37705
-1.5089,-0.46493
-1.4989,-0.55016
-1.497,-0.61744
-1.5014,-0.67788
-1.5052,-0.74169
-1.5077,-0.81782
-1.5131,-0.9055
-1.5233,-1.0045
-1.5286,-1.1057
-1.5312,-1.1957
-1.5312,-1.2846
-1.5268,-1.3662
-1.5199,-1.4455
-1.5074,-1.53
-1.4902,-1.6147
-1.4748,-1.6996
-1.4643,-1.7687
-1.4607,-1.8311
-1.4575,-1.8957
-1.4473,-1.9701
-1.4314,-2.0552
-1.4147,-2.1486
-1.3982,-2.2453
-1.383,-2.3311
-1.3591,-2.4105
-1.3235,-2.4761
-1.2755,-2.5317
-1.2129,-2.5816
-1.1371,-2.6258
-1.053,-2.6657
-0.97198,-2.6939
-0.89783,-2.713
-0.82339,-2.729
-0.74372,-2.7444
-0.66069,-2.7613
-0.57266,-2.7807
-0.47865,-2.8045
-0.38071,-2.8326
-0.28926,-2.8544
-0.20189,-2.8637
-0.11834,-2.8657
-0.03271,-2.8605
0.058465,-2.8503
0.14765,-2.84
0.23082,-2.8351
0.30064,-2.8315
0.36366,-2.8281
0.43217,-2.8216
0.51204,-2.8118
0.60096,-2.8007
0.69945,-2.7883
0.79234,-2.7805
0.88465,-2.7651
0.96943,-2.7441
1.0398,-2.7167
1.1039,-2.6839
1.1692,-2.6403
1.2359,-2.5813
1.3022,-2.5105
1.3548,-2.4472
1.4007,-2.3947
1.4437,-2.3449
1.4888,-2.2896
1.5368,-2.2284
1.5899,-2.1599
1.6444,-2.0835
1.7006,-2.0024
1.7462,-1.9219
1.777,-1.8406
1.7974,-1.7582
1.8062,-1.6713
1.8048,-1.5789
1.797,-1.4855
1.7874,-1.3955
1.7771,-1.3119
1.7661,-1.2321
1.7594,-1.1495
1.7518,-1.0573
1.7494,-0.95876
1.7533,-0.85625
1.7631,-0.75716
1.7657,-0.66732
1.7646,-0.58443
1.7576,-0.49894
1.7444,-0.4074
1.7277,-0.31521
1.7153,-0.22335
1.7062,-0.14246
1.7004,-0.068068
1.6977,0.0092392
1.6957,0.096261
1.6989,0.19432
1.7093,0.29975
1.7186,0.40524
1.7224,0.49741
1.7189,0.58198
1.7086,0.6658
1.6959,0.75013
1.6798,0.84391
1.6597,0.93543
1.6438,1.0174
1.6372,1.0855
1.6369,1.1467
1.6352,1.2113
1.6308,1.288
1.6236,1.3776
1.6141,1.4762
1.5986,1.5768
1.5808,1.6698
1.5563,1.7538
1.5292,1.8328
1.4979,1.9105
1.4577,1.9887
1.4113,2.0629
1.3682,2.1277
1.3278,2.1835
1.285,2.2335
1.2353,2.2845
1.1809,2.3388
1.123,2.4001
1.0591,2.4672
0.9867,2.5316
0.91552,2.5857
0.84325,2.627
0.77103,2.6578
0.70101,2.6793
0.62312,2.6969
0.53907,2.7079
0.45508,2.7122
0.38584,2.7111
0.32598,2.71
0.26427,2.7055
0.19429,2.6956
0.11797,2.6825
0.034585,2.6675
-0.054552,2.6536
-0.14692,2.638
-0.23217,2.6214
-0.3111,2.595
-0.37954,2.5611
-0.44124,2.5194
-0.50481,2.4644
-0.5639,2.3905
-0.61403,2.3123
-0.65169,2.238
-0.68247,2.1707
-0.70856,2.1039
-0.73309,2.0373
-0.75805,1.9705
-0.78532,1.9041
-0.81429,1.8372
-0.84482,1.7682
-0.87007,1.7127
-0.88912,1.6614
-0.89856,1.623
-0.90433,1.5976
-0.90542,1.5815
-0.90196,1.5721
-0.8921,1.5628
-0.88412,1.5581
-0.87661,1.552
-0.8699,1.548
-0.86104,1.5437
-0.85267,1.5386
-0.84785,1.5359
-0.84556,1.5334
-0.84488,1.5339
-0.84785,1.5329
-0.85247,1.533
-0.85417,1.5318
-0.85857,1.5316
-0.86015,1.5307
-0.86297,1.5288
-0.8647,1.5273
-0.86576,1.5228
-0.86396,1.5175
-0.87037,1.5188
-0.87811,1.5221
-0.88185,1.5235
-0.88492,1.5252
-0.88482,1.5253
-0.88651,1.5262
-0.88686,1.5252
-0.88685,1.526
-0.88601,1.5242